{"cameraMode":{"drawMode":0,"name":"Shaded","section":"Shading Mode"},"sceneLighting":false,"audioPlay":false,"sceneViewState":{"m_AlwaysRefresh":false,"showFog":true,"showSkybox":true,"showFlares":true,"showImageEffects":true,"showParticleSystems":true,"showVisualEffectGraphs":true,"m_FxEnabled":true},"in2DMode":false,"pivot":{"x":-7.348567008972168,"y":6.4420013427734379,"z":1.6573853492736817},"rotation":{"x":0.06366793066263199,"y":0.9394356608390808,"z":-0.26630619168281557,"w":0.20261341333389283},"size":3.074394464492798,"orthographic":false}