{"cameraMode":{"drawMode":0,"name":"Shaded","section":"Shading Mode"},"sceneLighting":false,"audioPlay":false,"sceneViewState":{"m_AlwaysRefresh":false,"showFog":true,"showSkybox":true,"showFlares":true,"showImageEffects":true,"showParticleSystems":true,"showVisualEffectGraphs":true,"m_FxEnabled":true},"in2DMode":false,"pivot":{"x":0.01916077360510826,"y":3.4189414978027345,"z":14.759321212768555},"rotation":{"x":-0.048291970044374469,"y":-0.08713828027248383,"z":-0.0018259166972711683,"w":-0.994301974773407},"size":2.464350938796997,"orthographic":false}