{"cameraMode":{"drawMode":0,"name":"Shaded","section":"Shading Mode"},"sceneLighting":false,"audioPlay":false,"sceneViewState":{"m_AlwaysRefresh":false,"showFog":true,"showSkybox":true,"showFlares":true,"showImageEffects":true,"showParticleSystems":true,"showVisualEffectGraphs":true,"m_FxEnabled":true},"in2DMode":false,"pivot":{"x":4.1298112869262699,"y":-10.855907440185547,"z":11.562052726745606},"rotation":{"x":-0.41195157170295718,"y":-0.11428619921207428,"z":0.044937051832675937,"w":-0.9022657871246338},"size":10.419939041137696,"orthographic":false}