{"cameraMode":{"drawMode":0,"name":"Shaded","section":"Shading Mode"},"sceneLighting":false,"audioPlay":false,"sceneViewState":{"m_AlwaysRefresh":false,"showFog":true,"showSkybox":true,"showFlares":true,"showImageEffects":true,"showParticleSystems":true,"showVisualEffectGraphs":true,"m_FxEnabled":true},"in2DMode":false,"pivot":{"x":-5.144651412963867,"y":-0.7191723585128784,"z":14.941937446594239},"rotation":{"x":0.21427519619464875,"y":0.03481028601527214,"z":-0.001121577457524836,"w":0.9755204916000366},"size":5.642680644989014,"orthographic":false}