{"cameraMode":{"drawMode":0,"name":"Shaded","section":"Shading Mode"},"sceneLighting":false,"audioPlay":false,"sceneViewState":{"m_AlwaysRefresh":false,"showFog":true,"showSkybox":true,"showFlares":true,"showImageEffects":true,"showParticleSystems":true,"showVisualEffectGraphs":true,"m_FxEnabled":true},"in2DMode":false,"pivot":{"x":-26.735517501831056,"y":1.9858424663543702,"z":4.046443462371826},"rotation":{"x":-0.0018372752238065005,"y":-0.8912509083747864,"z":0.012696908786892891,"w":0.45218560099601748},"size":13.900547981262207,"orthographic":false}