{"cameraMode":{"drawMode":0,"name":"Shaded","section":"Shading Mode"},"sceneLighting":false,"audioPlay":false,"sceneViewState":{"m_AlwaysRefresh":false,"showFog":true,"showSkybox":true,"showFlares":true,"showImageEffects":true,"showParticleSystems":true,"showVisualEffectGraphs":true,"m_FxEnabled":true},"in2DMode":false,"pivot":{"x":-21.890329360961915,"y":0.0803353562951088,"z":1.9545456171035767},"rotation":{"x":0.01597415842115879,"y":-0.8818703889846802,"z":0.045806676149368289,"w":0.4678836166858673},"size":12.52949333190918,"orthographic":false}