{"cameraMode":{"drawMode":0,"name":"Shaded","section":"Shading Mode"},"sceneLighting":false,"audioPlay":false,"sceneViewState":{"m_AlwaysRefresh":false,"showFog":true,"showSkybox":true,"showFlares":true,"showImageEffects":true,"showParticleSystems":true,"showVisualEffectGraphs":true,"m_FxEnabled":true},"in2DMode":false,"pivot":{"x":755.8096923828125,"y":204.90345764160157,"z":-533.1315307617188},"rotation":{"x":-0.021180853247642518,"y":-0.03686821088194847,"z":0.00505618704482913,"w":0.9983553290367127},"size":233.20814514160157,"orthographic":false}