{"cameraMode":{"drawMode":0,"name":"Shaded","section":"Shading Mode"},"sceneLighting":false,"audioPlay":false,"sceneViewState":{"m_AlwaysRefresh":false,"showFog":true,"showSkybox":true,"showFlares":true,"showImageEffects":true,"showParticleSystems":true,"showVisualEffectGraphs":true,"m_FxEnabled":true},"in2DMode":false,"pivot":{"x":0.8689414262771606,"y":14.740694999694825,"z":24.72737693786621},"rotation":{"x":-0.08982890099287033,"y":-0.0023399884812533857,"z":-0.00475727766752243,"w":-0.9952587485313416},"size":12.12435531616211,"orthographic":false}