{"cameraMode":{"drawMode":0,"name":"Shaded","section":"Shading Mode"},"sceneLighting":false,"audioPlay":false,"sceneViewState":{"m_AlwaysRefresh":false,"showFog":true,"showSkybox":true,"showFlares":true,"showImageEffects":true,"showParticleSystems":true,"showVisualEffectGraphs":true,"m_FxEnabled":true},"in2DMode":false,"pivot":{"x":-2.5253915786743166,"y":2.9337961673736574,"z":14.271099090576172},"rotation":{"x":0.08055621385574341,"y":-0.6312040686607361,"z":0.07396083325147629,"w":0.7669326066970825},"size":1.0276424884796143,"orthographic":false}