{"cameraMode":{"drawMode":0,"name":"Shaded","section":"Shading Mode"},"sceneLighting":false,"audioPlay":false,"sceneViewState":{"m_AlwaysRefresh":false,"showFog":true,"showSkybox":true,"showFlares":true,"showImageEffects":true,"showParticleSystems":true,"showVisualEffectGraphs":true,"m_FxEnabled":true},"in2DMode":false,"pivot":{"x":9.683945655822754,"y":-12.059699058532715,"z":-10.122990608215332},"rotation":{"x":0.009980786591768265,"y":0.9048997759819031,"z":-0.423732191324234,"w":0.008109506219625473},"size":11.737436294555664,"orthographic":false}