{"cameraMode":{"drawMode":0,"name":"Shaded","section":"Shading Mode"},"sceneLighting":false,"audioPlay":false,"sceneViewState":{"m_AlwaysRefresh":false,"showFog":true,"showSkybox":true,"showFlares":true,"showImageEffects":true,"showParticleSystems":true,"showVisualEffectGraphs":true,"m_FxEnabled":true},"in2DMode":false,"pivot":{"x":-2.9055087566375734,"y":3.5675458908081056,"z":15.811341285705567},"rotation":{"x":0.03116018883883953,"y":-0.4707005023956299,"z":-0.024369502440094949,"w":-0.8807954788208008},"size":1.9424618482589722,"orthographic":false}