{"cameraMode":{"drawMode":0,"name":"Shaded","section":"Shading Mode"},"sceneLighting":false,"audioPlay":false,"sceneViewState":{"m_AlwaysRefresh":false,"showFog":true,"showSkybox":true,"showFlares":true,"showImageEffects":true,"showParticleSystems":true,"showVisualEffectGraphs":true,"m_FxEnabled":true},"in2DMode":false,"pivot":{"x":1082.5848388671875,"y":527.5550537109375,"z":1878.2647705078125},"rotation":{"x":0.009109057486057282,"y":0.01770138181746006,"z":0.006478619296103716,"w":0.9992513656616211},"size":1453.1029052734375,"orthographic":false}