{"cameraMode":{"drawMode":0,"name":"Shaded","section":"Shading Mode"},"sceneLighting":false,"audioPlay":false,"sceneViewState":{"m_AlwaysRefresh":false,"showFog":true,"showSkybox":true,"showFlares":true,"showImageEffects":true,"showParticleSystems":true,"showVisualEffectGraphs":true,"m_FxEnabled":true},"in2DMode":false,"pivot":{"x":-3.2062387466430666,"y":2.8773856163024904,"z":13.55042552947998},"rotation":{"x":0.12268960475921631,"y":0.027163386344909669,"z":0.0012844144366681576,"w":0.9914119243621826},"size":1.0661790370941163,"orthographic":false}