{"cameraMode":{"drawMode":0,"name":"Shaded","section":"Shading Mode"},"sceneLighting":false,"audioPlay":false,"sceneViewState":{"m_AlwaysRefresh":false,"showFog":true,"showSkybox":true,"showFlares":true,"showImageEffects":true,"showParticleSystems":true,"showVisualEffectGraphs":true,"m_FxEnabled":true},"in2DMode":false,"pivot":{"x":1.0072561502456666,"y":-0.6977881193161011,"z":-1.2518088817596436},"rotation":{"x":-0.027515457943081857,"y":0.9577876925468445,"z":-0.2535855174064636,"w":-0.1284395456314087},"size":5.4450531005859379,"orthographic":false}