{"cameraMode":{"drawMode":0,"name":"Shaded","section":"Shading Mode"},"sceneLighting":false,"audioPlay":false,"sceneViewState":{"m_AlwaysRefresh":false,"showFog":true,"showSkybox":true,"showFlares":true,"showImageEffects":true,"showParticleSystems":true,"showVisualEffectGraphs":true,"m_FxEnabled":true},"in2DMode":false,"pivot":{"x":804.8795776367188,"y":335.31414794921877,"z":846.8118896484375},"rotation":{"x":0.028453003615140916,"y":-0.003700624918565154,"z":0.006555522792041302,"w":0.9990032315254211},"size":881.5628662109375,"orthographic":false}