{"cameraMode":{"drawMode":0,"name":"Shaded","section":"Shading Mode"},"sceneLighting":false,"audioPlay":false,"sceneViewState":{"m_AlwaysRefresh":false,"showFog":true,"showSkybox":true,"showFlares":true,"showImageEffects":true,"showParticleSystems":true,"showVisualEffectGraphs":true,"m_FxEnabled":true},"in2DMode":false,"pivot":{"x":-13.124345779418946,"y":3.3597450256347658,"z":-23.767200469970704},"rotation":{"x":-0.04985424131155014,"y":-0.8612557053565979,"z":0.07318807393312454,"w":-0.4990808367729187},"size":0.8660253882408142,"orthographic":false}