{"cameraMode":{"drawMode":0,"name":"Shaded","section":"Shading Mode"},"sceneLighting":false,"audioPlay":false,"sceneViewState":{"m_AlwaysRefresh":false,"showFog":true,"showSkybox":true,"showFlares":true,"showImageEffects":true,"showParticleSystems":true,"showVisualEffectGraphs":true,"m_FxEnabled":true},"in2DMode":false,"pivot":{"x":-4.871654033660889,"y":3.3466646671295168,"z":17.3328800201416},"rotation":{"x":0.009240190498530865,"y":-0.16314926743507386,"z":-0.008445548824965954,"w":-0.9859768748283386},"size":1.9424618482589722,"orthographic":false}