{"cameraMode":{"drawMode":0,"name":"Shaded","section":"Shading Mode"},"sceneLighting":false,"audioPlay":false,"sceneViewState":{"m_AlwaysRefresh":false,"showFog":true,"showSkybox":true,"showFlares":true,"showImageEffects":true,"showParticleSystems":true,"showVisualEffectGraphs":true,"m_FxEnabled":true},"in2DMode":false,"pivot":{"x":-20.829978942871095,"y":2.6403892040252687,"z":19.802854537963868},"rotation":{"x":-0.005517473444342613,"y":0.6086660027503967,"z":-0.01250319741666317,"w":-0.7926366925239563},"size":1.3868169784545899,"orthographic":false}