{"cameraMode":{"drawMode":0,"name":"Shaded","section":"Shading Mode"},"sceneLighting":false,"audioPlay":false,"sceneViewState":{"m_AlwaysRefresh":false,"showFog":true,"showSkybox":true,"showFlares":true,"showImageEffects":true,"showParticleSystems":true,"showVisualEffectGraphs":true,"m_FxEnabled":true},"in2DMode":false,"pivot":{"x":15.113924026489258,"y":1.8096890449523926,"z":7.230987548828125},"rotation":{"x":0.026135746389627458,"y":0.19589361548423768,"z":0.0007563499384559691,"w":0.979543924331665},"size":13.652848243713379,"orthographic":false}