{"cameraMode":{"drawMode":0,"name":"Shaded","section":"Shading Mode"},"sceneLighting":false,"audioPlay":false,"sceneViewState":{"m_AlwaysRefresh":false,"showFog":true,"showSkybox":false,"showFlares":true,"showImageEffects":true,"showParticleSystems":true,"showVisualEffectGraphs":true,"m_FxEnabled":true},"in2DMode":false,"pivot":{"x":-0.00841522216796875,"y":1.7673091888427735,"z":0.028516054153442384},"rotation":{"x":0.11919911950826645,"y":0.596336841583252,"z":-0.09012819826602936,"w":0.7886947989463806},"size":4.846166610717773,"orthographic":false}