{"cameraMode":{"drawMode":0,"name":"Shaded","section":"Shading Mode"},"sceneLighting":false,"audioPlay":false,"sceneViewState":{"m_AlwaysRefresh":false,"showFog":true,"showSkybox":false,"showFlares":true,"showImageEffects":true,"showParticleSystems":true,"showVisualEffectGraphs":true,"m_FxEnabled":true},"in2DMode":false,"pivot":{"x":0.0005335807800292969,"y":1.6035468578338624,"z":0.8663856983184815},"rotation":{"x":0.11919911950826645,"y":0.596336841583252,"z":-0.09012819826602936,"w":0.7886947989463806},"size":1.0656003952026368,"orthographic":false}